41.5,1998,52.448337,0.721189
16.7,1993,53.6225479,-0.701682
12.5,2000,56.16826,-3.3077324
14.3,1992,52.155792,-0.6899577
35,1918,51.5241964,-0.6285419
65,2014,56.2002791,-3.1602739
40,2001,52.3955987,0.1640088
33.3,2007,54.5852575,-1.1174076
2640,2013,53.7404389,-0.9981018
46,2007,55.1529168,-3.3827896
34,2015,53.4202201,-1.4032323
2021,1967,52.864635,-1.2582973
1961,1971,53.3723489,-2.6891291
1320,1974,53.7404389,-0.9981018
144,1979,51.545988,-0.2584422
143.2,1981,54.7266174,-5.7662629
140,1996,50.3940817,-4.7596103
116,1974,54.8440155,-5.7882361
100,1972,51.6245583,-1.2686557
75,1971,53.7404389,-0.9981018
67,1953,60.1669668,-1.1669053
56,1978,51.4529789,0.7136332
53,1970,55.0439247,-7.2520495
40,1967,53.3624355,-0.8090493
35,1971,53.3723489,-2.6891291
34,1967,52.8655516,-1.2583704
32.3,2002,51.6140995,-3.8381896
25,1994,53.5946889,-0.7514906
23,1952,57.5169957,-6.3822209
17,2006,52.2035277,-0.2712625
16,1952,58.9833572,-2.9656032
11,1972,57.3640164,-7.2733649
10,2000,57.4610217,-6.0182208
9,1995,51.0447167,-0.4439078
9,1994,51.4486606,-1.6142944
6,1946,55.7569502,-6.2909327
2.5,1986,56.9986216,-7.5199622
2.5,1953,56.493194,-6.9019162
152.5,1950,56.2615007,-4.7641472
100,2008,57.1439428,-4.6458339
75,1955,56.7234678,-4.2644841
69,1951,57.3258481,-4.7965394
61.2,1950,56.7167905,-3.7801042
46,1958,56.4845255,-4.3655928
45,1930,56.6929888,-4.4041048
40,1955,56.2773938,-4.9238518
38,1963,57.4072249,-4.8463557
37,1957,57.1837356,-4.9444697
35.3,1928,52.944186,-3.9972218
34,1954,57.5787404,-4.6970764
34,1933,56.706425,-4.0234376
33,1935,54.860097,-4.0360319
25,1963,56.4377421,-5.2025468
24,1935,55.0989355,-4.1965537
24,1935,55.1520179,-4.2182503
20.5,1962,52.3973514,-3.9120914
20.5,1962,52.3973514,-3.9120914
20,1962,57.4386598,-4.5815438
20,1956,57.158196,-4.9341166
20,1962,57.4636027,-4.5184628
20,1956,57.0766825,-5.0090942
18.7,1950,57.6196975,-4.8326
18.7,1957,57.6284338,-4.8000949
18.6,1958,57.0690675,-5.2962203
18.1,1955,57.0305003,-4.8436345
18,1959,57.5149376,-4.7382852
17.1,1962,57.4283877,-4.7076378
17,2002,53.185406,-3.8512368
16.8,1957,56.3905911,-4.1209078
16.5,1955,56.4815855,-4.3008739
15,1962,57.2050029,-4.7302443
15,1963,56.3380586,-5.2138554
15,1950,56.6991696,-3.7424665
15,1954,57.5541173,-4.600607
15,2002,53.1887668,-3.8453093
14,1935,55.1118849,-4.1764002
13.5,1962,52.3975197,-3.9209964
12,1935,55.1431193,-4.1903945
11,1927,55.9665995,-4.6286505
11,1959,56.5482121,-4.4315557
10,1959,58.1684419,-4.730773
9.9,2002,53.0673679,-4.0123206
8,1951,56.0091697,-5.1219109
7.9,1953,56.6781975,-4.5107484
7.7,2006,57.3258481,-4.7965394
6,1956,56.30314,-5.1217175
6,2006,55.1853145,-2.4570407
6,1961,56.0654804,-5.3443436
6,1927,55.5083395,-4.6155804
5.2,1968,55.4904683,-6.297333
5,1957,56.3370529,-4.9780492
4,1958,56.3734308,-4.0407242
4,1958,56.5422251,-4.5191331
4,2013,58.259941,-4.9872971
3.5,2012,55.7860033,-6.3028068
3.5,2005,56.5198745,-6.0365428
3.5,1959,58.0288917,-4.4166331
3.3,2002,57.7609886,-5.038281
3.1,1956,57.6158362,-4.8349665
3,2016,56.9684252,-5.0902739
3,1961,56.4475029,-4.1160776
3,2008,57.2040931,-4.4442281
3,2008,56.2345384,-5.1030612
2.5,1959,56.9530585,-4.1838554
2.5,2009,57.8402515,-5.0420395
2.4,2005,57.1740845,-4.505866
2.4,1952,55.4761141,-5.5869109
2.4,1955,57.3372251,-4.9569109
2.4,1952,57.4966696,-6.1477443
2.3,2005,56.2073128,-5.2995632
2.2,1962,56.928614,-4.2516331
2,1962,57.4255585,-4.7046887
2,2017,57.5913453,-4.7847966
2,1956,56.2730586,-5.4916331
2,1958,56.4844473,-4.365522
2,2012,56.325421,-4.6980513
2,2015,56.8322017,-5.0814014
1.9,1962,56.9102807,-4.9871887
1.4,2009,56.6650019,-5.6822189
1.3,1960,57.9738917,-6.9769109
1.3,1950,57.2852807,-5.5677443
1.3,1951,57.6850028,-5.645522
1.3,1961,52.3960033,-3.9021887
1.2,1954,57.9625495,-5.1319444
1,1935,55.2480586,-4.3288554
1,2006,57.529914,-5.7021054
0.9,2015,56.3615964,-4.6891094
0.9,1956,56.4097251,-5.1719109
0.9,2000,56.687314,-5.4898998
0.8,2003,56.4791696,-3.4399665
0.8,2002,57.0582001,-5.0214609
0.8,1950,56.963614,-5.8146887
0.8,2010,54.5813892,-2.1390725
0.7,1960,58.1266695,-6.8807998
0.6,2000,56.4243862,-4.6742026
0.6,1995,55.8011141,-4.0846887
0.6,1990,53.0503776,-3.9392336
0.6,1956,57.1000792,-5.0361036
0.6,1959,56.7569473,-4.0894109
0.5,1999,52.99363,-4.01556
0.5,1998,53.18032,-3.94571
0.5,1959,58.1411139,-4.7766331
0.4,1963,57.39734, -5.0241
0.3,1956,57.1430585,-5.0041331
0.3,1955,57.0627807,-5.1257998
0.3,1956,57.7114028,-4.8229887
0.3,1953,56.6227988,-6.0792433
0.3,2002,57.5541696,-4.6177443
0.2,2003,57.0719473,-4.7763554
0.2,1949,55.729993,-5.3646965
0.2,1957,56.546114,-4.4316331
0.2,1950,56.7169473,-3.7802443
0.2,1951,57.3902979,-4.5143327
0.2,1953,57.2019473,-4.723022
0.1,1985,52.3888396,-3.8927427
0.1,1958,58.0130584,-4.4038554
0.1,1954,57.5830585,-4.7007998
0.1,1956,56.2966697,-5.4449665
0.1,1956,56.2730586,-5.4916331
0.1,1954,57.5647251,-4.7196887
0.1,1963,52.3888396,-3.8927427
0.1,1950,56.6991696,-3.7424665
0.1,1958,56.504833,-4.4586339
0.1,1963,52.3888396,-3.8927427
300,1974,57.2620741,-4.485701
1332,2013,53.3667587,-0.7992024
1180,1980,57.4779704,-1.790461
950,2004,52.8068572,-0.1354623
910,2016,53.4365352,-2.409564
735,1994,53.5946889,-0.7514906
723,1995,52.2035277,-0.2712625
715,1993,51.7616084,0.0066874
616,2003,54.7864258,-5.8466243
520,2002,51.6140995,-3.8381896
420,2001,52.5840701,1.7319366
413,2004,55.0439247,-7.2520495
407,1994,52.5108045,-0.6834819
155,1995,54.4152061,-3.4925286
120,1952,54.5894, -1.1185
60,2011,53.7181235,-2.5392235
56,2002,53.7383024,-1.3984472
56,1999,53.1654276,-2.4066563
50,1998,53.6756234,-1.6596061
50,1998,51.3962092,-1.0959557
50,1998,50.6235808,-2.4897792
10.1,2002,51.3476337,-2.7422925
10,1998,53.4421962,-2.7423862
9,2000,51.5158301,-0.3008167
1,2000,51.5160906,-0.300817
1254,1988,54.0301557,-2.9174924
1250,1988,55.9691959,-2.4088504
1223,1995,52.2151953,1.6175878
1207,1983,54.6354944,-1.1832959
1179,1983,54.0301557,-2.9174924
1120,1983,50.913847,0.9575057
1061,1976,51.2070848,-3.1338224
1020,1976,55.7230015,-4.8935125
1800,1984,53.117702,-4.1030096
440,1965,56.3945107,-5.1183642
360,1963,52.9807695,-3.9707332
72.2,2016,53.2385436,-3.0204782
69.8,2015,50.7855691,-2.323653
60.9,2016,51.6089011,-1.738574
51.9,2015,51.3494903,1.1015093
49.3,2016,51.1074573,-1.5348087
45.8,2017,54.9635344,-6.5039674
43.7,2015,51.824051,-4.921855
33.7,2015,52.7296013,1.3619712
32.4,2014,53.0153552,-0.5235887
31.6,2013,52.1328103,0.5162253
30.9,2015,52.0751864,-0.0186262
30.3,2015,52.2796967,0.3888921
28.7,2015,52.1514863,-0.2635285
28.3,2015,51.5018468,-3.489107
28.1,2015,53.1496242,-1.3964427
27.1,2018,54.5149971,-6.1790477
26,2016,52.8652756,0.765711
24.7,2014,52.3795266,-0.2068182
24.3,2014,52.329,0.2160113
24.2,2014,50.7919834,-1.8633347
22.2,2014,52.0796,-0.0001887
21.3,2015,51.6706933,-1.0618997
21.1,2014,50.7140187,-1.2607273
21,2015,52.6222243,-2.7122236
21,2014,52.9097112,0.8245593
20.5,2014,50.8299174,-1.1953237
20.5,2017,54.5174578,-6.1094552
19.8,2015,52.8858479,-1.7480075
19.8,2015,53.2287193,-1.1045141
19.8,2014,51.5281123,-2.4470077
19.5,2015,50.4743094,-4.3187927
19.3,2014,52.342291,0.1624365
19,2014,50.9904518,0.8832562
19,2015,52.0782,0.0467113
18.9,2015,51.1869,0.3387113
18.7,2015,52.7806,-1.0283887
18.7,2014,51.9128,1.1219113
18.6,2015,52.1336002,-0.8464857
18.2,2015,52.7314387,-2.7240444
17.9,2015,50.7555,-1.7523887
16.1,2014,51.7265443,-1.9211177
16,2015,53.2406,-1.1101887
15.9,2015,52.7526312,-1.5019447
15.3,2015,51.4886144,-2.2135776
15.3,2014,51.0414538,-2.4141115
14.9,2014,53.2995652,-4.6637447
14.9,2015,52.4976,1.3070113
14.9,2015,53.2333,-4.4068887
14.8,2015,51.4553103,0.6143373
14.8,2014,51.7128033,-4.1802887
14.4,2016,52.8224142,-2.8134527
14.3,2014,53.3039,-0.9953887
13.7,2015,52.1275543,-0.8126357
13.5,2015,50.8613,-1.9029887
13.4,2015,51.6745,-3.2786887
13.2,2015,51.3252,1.1218113
13.1,2015,50.3609,-4.9482887
13,2016,56.384773,-3.237811
13,2015,51.7865573,-1.6087787
12.7,2015,53.1598892,-4.2412127
12.7,2014,50.7649314,-3.4100327
12.3,2013,52.3524033,1.4716933
12.3,2015,51.8276963,1.0902183
12.2,2015,50.7762424,-1.8644717
12.2,2014,51.5632553,0.3859943
12,2015,50.8449,-2.1692887
12,2014,51.0826717,-1.1443549
12,2015,52.0406163,-0.8952587
12,2014,51.230296,-2.4347099
12,2015,51.6353233,-3.1636787
11.9,2014,52.9427082,-2.0154897
11.8,2015,53.1547,-1.0161887
11.8,2014,52.0098473,1.2852042
11.7,2014,50.8026,-4.3699887
11.6,2015,51.7406343,-3.5883927
11.6,2016,51.3581,0.6867113
11.6,2016,50.4746514,-4.3816987
11.5,2014,51.2381853,1.2723263
11.5,2013,52.6732,0.6249113
11.5,2015,51.8659413,-1.1933917
11.4,2015,52.3557,-0.0795887
11.3,2014,53.2406,-1.1101887
11.2,2016,51.1014923,0.9753643
11.1,2014,51.3826413,-2.1798257
11.1,2014,50.3052794,-5.0776587
11.1,2015,51.6041223,-1.8972037
10.8,2014,51.3344, 0.9429
10.8,2014,53.0197702,0.0598693
10.7,2014,53.0197702,0.0598693
10.7,2015,51.8605423,1.0015313
10.7,2016,53.148,0.2326113
10.5,2014,50.7643914,-3.4070077
10.5,2015,52.7048302,-2.5799757
10.3,2015,51.6698,-5.0148887
10.2,2014,52.3100913,-0.5156027
10.1,2016,50.3316,-4.9313887
10.1,2015,51.6423,-4.9505887
10,2014,51.6166863,-1.3491447
10,2015,51.1721,-1.1018887
10,2013,51.1843,-1.3758887
10,2017,54.6384801,-6.1120407
9.8,2013,51.3517053,1.3693823
9.8,2016,51.0103484,-2.6092607
9.6,2015,50.2890787,-5.1297448
9.6,2015,50.5073812,-3.6384481
9.5,2015,53.144,-0.1626887
9.5,2015,50.401341,-4.3865304
9.2,2014,53.2287827,-0.9385098
9.1,2014,51.546532,-1.8727708
9,2014,52.0679823,-1.4637407
9,2015,50.845,0.2335113
8.9,2015,51.8535253,-1.1351116
8.7,2015,51.0702194,-2.7526407
8.6,2013,53.1432773,0.2331799
8.4,2014,51.1831363,-2.9280157
8.4,2014,50.4465504,-4.2329077
8.3,2014,51.5431,-2.1672887
8.2,2016,51.3071243,-2.0388147
8.1,2015,50.1984578,-5.1743551
8.1,2015,50.9217425,0.2119903
8.1,2015,53.4072398,0.0095102
7.9,2013,52.7462012,0.7735353
7.7,2015,50.7015199,-1.1288238
7.7,2015,51.698258,-3.9576337
7.6,2015,52.5757,1.3868113
7.6,2013,51.6987,-4.9033887
7.6,2015,53.2601,-1.1878
7.6,2014,51.1303,-2.7953
7.6,2015,52.7000772,1.0877173
7.5,2014,51.4186,-3.327
7.5,2014,50.7855,-2.9249
7.5,2014,50.9257454,-3.1299097
7.3,2015,50.9437692,-0.2233499
7.2,2017,54.7441993,-6.2460051
7.2,2015,50.2896089,-5.1485295
7.2,2014,50.289606,-5.146689
7.2,2014,51.3484553,-2.5178077
7,2014,51.1618333,-1.5108427
7,2013,50.7901064,-4.4029937
6.9,2015,50.7043894,-2.1432457
6.8,2013,51.1743804,-2.010195
6.8,2015,51.0644004,0.8093908
6.8,2015,51.17033,-3.360974
6.8,2015,52.9888,-3.0617887
6.6,2013,51.1947,-1.666
6.6,2015,52.4393,1.5874
6.6,2012,51.2274,0.7119
6.5,2014,51.2677613,-2.5296107
6.5,2018,54.6760597,-6.0178564
6.5,2013,50.6944314,-2.3161647
6.4,2013,51.4254144,-1.6175726
6.4,2015,51.6945147,-3.9538386
6.3,2013,50.950276,-1.3094454
6.3,2016,51.390833, -0.392222
6.3,2015,51.7953,-4.0184
6.3,2013,52.3181,0.2211
6.2,2014,52.5594,0.5619113
6.2,2015,51.7,-3.9949887
6.2,2015,50.6714014,-1.2782367
6.2,2013,50.4249474,-3.7990907
6.2,2014,51.3386,1.3476
6.2,2015,51.1441523,-0.9587107
6.2,2013,50.3913,-4.5981887
6.1,2015,51.6683733,-5.0130877
6.1,2014,52.5176862,-0.9214397
6.1,2014,51.2746,-2.1899
6.1,2014,53.6965082,-0.0667527
6,2014,51.8550682,0.4972604
6,2013,50.3447734,-4.9317807
6,2017,54.5717101,-5.5721757
6,2017,54.9644839,-6.4967306
5.9,2017,54.6210411,-6.1791947
5.9,2016,50.8833754,-2.6059807
5.9,2013,50.3067384,-5.0167206
5.8,2013,51.0059,-3.2219
5.7,2014,53.1415682,-1.0239087
5.7,2015,52.9877412,-1.0840776
5.7,2013,50.9179,-1.2323
5.7,2014,50.4197919,-3.7606905
5.5,2014,52.1533603,-0.8117817
5.5,2014,51.3949,-3.4049
5.5,2014,52.1466,-0.7565
5.4,2013,50.1519579,-5.1894255
5.4,2013,51.1947,-1.666
5.4,2013,50.8941,-1.4585
5.4,2017,54.5601,-6.1807
5.4,2017,54.5562911,-6.1905047
5.4,2017,54.6090961,-6.1707647
5.3,2014,52.6952822,-0.1411857
5.3,2013,50.7807,-4.4415
5.2,2013,50.4236,-3.7849
5.2,2013,53.1055367,-2.4788597
5.1,2014,53.2228,-0.9266
5.1,2013,51.974,-1.116
5.1,2014,50.4189,-4.6895
5,2017,54.0274741,-2.8252397
5,2017,53.0136282,-1.4780386
5,2016,53.5331,-2.3781887
5,2017,51.5844043,-3.3449757
5,2017,50.4115,-4.7786
5,2017,53.2400032,-1.2570417
5,2017,51.7494441,-0.8927912
5,2015,51.6264533,0.8412593
5,2015,53.0107562,-0.0559587
5,2017,51.6366381,-4.0142845
5,2015,54.1694191,-1.3180267
5,2017,52.8490742,-3.0498847
5,2016,51.0540244,-0.4436317
5,2015,51.1490173,1.3272313
5,2017,54.5115541,-1.4970207
5,2016,56.6155059,-2.6000897
5,2015,51.8708633,-0.3524317
5,2015,50.6708274,-1.2789517
5,2017,52.1488783,-4.1309987
5,2017,51.7708283,-4.9867147
5,2015,50.7038464,-2.1429237
5,2016,51.5998743,-3.7671267
5,2016,54.7744141,-1.3710327
5,2016,52.065,-0.0223
5,2017,53.1646682,-2.3924327
5,2017,54.2360843,-1.399781
5,2015,54.6077536,-1.5936155
5,2015,52.7100022,-2.3746927
5,2016,51.5875233,-2.7154447
5,2016,51.3326263,-2.2243847
5,2015,52.1826718,-2.2837725
5,2017,50.3620904,-4.7870142
5,2017,51.1601143,0.4982833
5,2016,50.838757,0.192049
5,2012,50.8078624,-1.3576217
5,2011,50.6282354,-2.4973587
5,2015,50.4020264,-4.3570057
5,2015,56.5763939,-2.7135407
5,2015,50.8313,-1.1961
5,2016,52.7773162,-1.5164067
5,2016,52.9271202,-1.0530517
5,2016,53.2814092,-1.3633527
5,2015,50.9753654,-4.3489337
5,2016,53.6534272,-2.3082994
5,2016,52.6808902,-1.3119937
5,2016,51.6091363,-1.7373357
5,2015,51.8452723,0.8031083
5,2015,51.1976953,-2.3874997
5,2016,54.5386031,-1.0727967
5,2016,51.4521449,-1.292327
5,2016,50.8157744,-0.7353378
5,2016,51.9634,0.4035
5,2016,54.8085511,-3.0042307
5,2013,50.2881184,-5.1170267
5,2016,54.6332171,-1.2972137
5,2017,52.5177592,-0.9217987
5,2015,51.0182654,-3.6864137
5,2012,51.0555974,-2.4560217
5,2016,53.7805,-2.9599
5,2013,52.5295,-0.0262
5,2016,50.8338,-0.6061
5,2016,54.1483391,-1.2343337
5,2015,53.6807612,-1.0812127
5,2017,52.9979072,-2.7294677
5,2016,53.0300296,-0.3956543
5,2015,53.7983341,-1.2112967
5,2015,53.150651,-1.395385
5,2016,52.4785356,-2.0290698
5,2012,50.9938704,-2.6034717
5,2012,50.6949094,-2.3204007
5,2015,54.0956,-1.0323
5,2015,51.0214164,-2.1838837
5,2015,52.9520052,-2.9173067
5,2015,52.9909255,-3.0741268
5,2015,52.9605592,-2.7262077
5,2015,50.5940853,-4.4015342
5,2012,51.7251923,-4.2401757
5,2017,50.8857444,-1.3464347
5,2016,52.8889692,-0.6092914
5,2016,50.9346464,0.1099283
5,2015,50.6956374,-1.4214607
5,2016,51.1876973,0.3379653
5,2016,52.5363453,-0.7912216
5,2016,51.8392343,0.5998113
5,2016,51.1950214,-2.9974945
5,2012,52.3181,0.2211
5,2017,51.7086433,-0.2067446
5,2016,52.5487952,1.2468103
5,2016,51.6211223,-3.0810447
5,2013,51.1252,-3.9249
5,2016,52.4695529,-2.3290004
5,2017,55.65947,-4.7396407
5,2015,50.3373804,-4.8343797
5,2012,51.8440553,-1.2294257
5,2015,50.8178504,-1.9266427
5,2017,54.3272661,-1.4840827
5,2017,53.1544362,-1.3977047
5,2017,52.4861,-2.8034
5,2016,50.9338054,0.1110963
5,2011,52.3313873,0.1522893
5,2017,53.8429761,-2.7629137
5,2017,51.0640284,-4.1110807
5,2016,50.3292074,-4.0344267
5,2016,50.4303174,-4.0289127
5,2011,51.1025893,-2.6767137
5,2011,51.1283813,-2.7947757
5,2017,51.5845173,-3.3453727
5,2016,52.2020653,-2.7484587
5,2015,51.8701333,-0.6361227
5,2015,52.9185092,-1.0531626
5,2016,54.6324851,-1.2709817
5,2016,54.3579481,-1.6506707
5,2016,54.3562799,-1.644359
5,2016,52.42004,-2.0041465
5,2017,52.9497002,-1.8749497
5,2016,52.7952302,-1.1314437
5,2017,56.167151,-3.1732727
5,2012,50.4819354,-4.7451122
5,2017,52.0879,-1.6673
5,2016,52.4515712,-0.1401267
5,2017,50.8234408,-2.5527985
5,2015,53.6208,-1.1602
5,2016,51.2109633,-1.5399127
5,2017,52.4507862,-0.1384827
5,2015,51.8846623,0.3910323
5,2016,51.6187593,0.4518473
5,2016,52.9876712,-3.0640407
5,2016,52.7537061,1.3550313
5,2015,51.8480983,-0.6520767
5,2016,51.0795743,-0.0650027
5,2016,51.2803423,-2.9878707
4.9,2013,52.0199143,-1.8034717
4.9,2015,54.0387041,-2.8812357
4.9,2017,51.9398073,0.3978233
4.9,2013,50.9137094,-1.2221487
4.9,2015,50.7529414,-0.7953327
4.9,2014,51.0541,-2.3179
4.9,2015,52.9116712,-4.4800477
4.9,2016,54.6123881,-3.5351597
4.9,2015,50.7529634,-4.4447137
4.9,2016,52.7537061,1.3550313
4.9,2016,51.5998743,-3.7671267
4.9,2016,51.7570613,-4.5467197
4.9,2016,52.0761473,-0.0401897
4.9,2017,50.8342024,-0.6077457
4.9,2015,52.9476322,-0.8581937
4.9,2015,52.9382502,-0.6938117
4.9,2011,53.0221092,-0.7263677
4.9,2016,52.2679,-0.4234
4.9,2015,51.8198573,-4.8631607
4.9,2017,52.5312212,-2.4968587
4.9,2013,50.7459,-3.3587
4.8,2016,50.8110894,-0.7178477
4.8,2012,50.7743674,-2.9518077
4.8,2016,54.6811931,-6.2319127
4.8,2017,51.3234353,-2.1676597
4.8,2016,52.7518392,-1.5021167
4.8,2015,50.9545654,-3.3055247
4.8,2015,52.0697183,-1.8587687
4.8,2015,53.105,-2.4728
4.8,2016,52.7537061,1.3550313
4.8,2014,52.5313742,-0.0286077
4.7,2015,50.9221734,0.0533733
4.7,2017,51.6692503,-3.3804337
4.7,2016,51.3696107,-1.1190438
4.7,2016,51.0420624,-0.4475817
4.7,2017,51.8485993,-4.3615867
4.7,2016,51.2815503,-2.9884667
4.7,2015,51.9313823,1.1278213
4.7,2016,51.2827663,-2.2138027
4.7,2017,51.5129613,-3.6662577
4.7,2014,51.2092473,-2.5861357
4.6,2013,50.9841974,-4.1245647
4.6,2016,52.6632552,-0.7507037
4.6,2015,50.9304565,-3.1375103
4.6,2015,52.5935312,0.3929533
4.6,2015,51.1527143,-4.1785147
4.6,2015,53.3524077,-1.0122089
4.6,2016,52.9106272,-4.3402067
4.6,2011,51.1849483,-2.9688227
4.6,2013,51.0039,-4.1408
4.6,2015,51.5602743,-3.2945787
4.5,2013,50.9121,-1.0362887
4.5,2011,52.9381342,-0.6929827
4.5,2014,50.0413214,-5.2115867
4.5,2016,51.279449,-0.8806729
4.5,2015,50.4635674,-4.9286977
4.5,2014,51.1987533,-2.5352047
4.4,2013,50.5420724,-4.3514397
4.4,2017,51.1736773,-1.4782747
4.3,2015,51.9621633,-4.9998297
4.3,2016,52.4584331,0.0300547
4.3,2015,53.2715885,-0.3127138
4.3,2015,50.8749,0.4512113
4.3,2016,52.6403762,-2.1426037
4.3,2013,50.7725687,-2.9579064
4.3,2016,52.7937592,-1.1332047
4.3,2016,53.7924541,-2.6264317
4.2,2017,56.6355667,-2.7082375
4.2,2017,52.8736292,-1.7782917
4.2,2015,50.7724844,-3.4677947
4.2,2017,53.1554972,-1.0168267
4.2,2016,53.2620842,-1.3066957
4.2,2017,52.5852662,-0.7093247
4.2,2015,52.9358602,-1.0617817
4.1,2015,51.9247893,-0.6144767
4.1,2015,50.2933,-3.7671
4.1,2015,50.6473,-3.3846887
4,2015,50.4303074,-4.0180917
4,2016,51.1437613,-0.9584907
4,2015,52.1028763,-1.0062047
3.9,2017,51.1188473,-2.9748097
3.9,2016,51.3269793,-1.1120807
3.9,2016,51.5586303,-2.6574417
3.9,2013,50.3217239,-4.8449784
3.8,2014,52.0890183,-1.9245377
3.8,2016,53.1820602,-1.2007357
3.8,2017,56.1673571,-3.1723276
3.8,2015,51.2498243,-1.2763017
3.7,2017,52.3355253,-2.4960847
3.7,2015,51.4314093,-3.4099077
3.7,2014,50.8367134,-3.7823857
3.7,2017,51.7659903,-3.6216077
3.7,2015,50.7717334,-2.0530847
3.7,2016,50.7717334,-2.0530847
3.7,2013,50.7370604,-1.3000517
3.7,2016,52.7296013,1.3619712
3.6,2015,52.1051303,-1.2087837
3.6,2015,50.8281214,-0.5564767
3.6,2015,50.7784,-1.864
3.6,2016,52.9372452,-4.3540047
3.6,2012,50.7755764,-4.3329517
3.5,2013,50.5225604,-4.8042257
3.5,2015,52.5897472,-1.5105764
3.5,2016,52.5654,-1.13
3.4,2015,52.6383771,0.1540015
3.4,2016,53.1090357,-2.5066415
3.4,2015,50.4703914,-4.6971167
3.4,2017,51.5969353,-1.7148737
3.3,2014,50.3514314,-3.6648286
3.3,2013,50.8172334,-4.1192387
3.2,2014,51.2094263,-2.5854907
3.2,2016,51.5257468,-2.5703044
3.1,2013,50.6415014,-1.2014577
3,2017,51.447569,-0.5446654
3,2016,50.8027214,-1.8627677
3,2013,50.807924,-1.3590899
3,2016,51.5576393,0.2871083
2.9,2013,50.2129474,-5.3704637
2.9,2012,50.8054204,-4.3735847
2.9,2016,53.7925041,-2.6259667
2.9,2013,51.0386154,-3.3075547
2.8,2014,51.3104573,-1.1167907
2.8,2015,50.866183,-3.2311367
2.8,2017,50.8366924,-3.7818147
2.7,2015,50.7763964,-1.8750577
2.7,2017,52.877164,0.5212719
2.6,2015,52.8768852,0.5210683
2.5,2017,52.1822633,-2.2840626
2.5,2017,53.7033582,-2.7798797
2.5,2017,51.4796,-3.5305
2.4,2015,50.7762393,-2.3991813
2.4,2016,53.168021,-0.8338789
2.3,2019,53.5684072,-2.8214047
2.2,2013,51.0584354,-4.0713047
2.2,2016,51.3966648,-2.8824022
2.1,2016,52.8040242,-1.0711757
2,2011,51.1190079,-0.5464554
2,2016,51.4235933,-3.4955807
2,2014,52.569424,-1.4081297
1.9,2013,50.3605914,-3.9395407
1.9,2011,51.0601344,-3.1991047
1.9,2016,51.4981413,-3.6995617
1.8,2015,51.381813,-1.3736966
1.8,2013,51.0459,-2.3119
1.8,2012,51.3641833,-2.0950507
1.8,2013,50.8501484,-3.4246287
1.8,2011,50.8703474,0.1189643
1.7,2015,51.4006,-1.0243887
1.7,2011,50.3966614,-5.0475697
1.7,2011,50.3980784,-5.0831937
1.7,2011,52.6956732,-0.1408397
1.6,2011,52.4378243,1.5888583
1.6,2013,51.3797823,-1.2373747
1.5,2012,51.6672174,-4.090288
1.5,2013,51.0193774,-2.9982377
1.5,2011,51.5079688,0.1371728
1.5,2015,53.0227132,-0.7277657
1.5,2014,50.4400144,-4.7783837
1.4,2013,50.6110634,-4.2666817
1.4,2011,50.2413294,-5.1235207
1.4,2013,51.1461,-4.1398887
1.3,2013,50.8334144,-3.7891747
1.2,2012,51.3606663,-2.7934137
1.2,2012,50.8787094,-3.3166387
1.2,2013,50.8875264,-4.2078367
1.2,2012,50.9504164,-1.3095507
1.1,2017,51.3929993,-2.6085336
1.1,2012,50.8489104,-3.7346217
1.1,2011,52.6956732,-0.1408397
1,2012,52.569424,-1.4081297
1,2012,50.9164614,-3.5725717
1,2013,50.9136784,-2.3149387
1,2013,50.9523694,-3.4765757
1,2017,52.9934127,-1.0862885
0.9,2011,53.4233,0.069
0.9,2013,50.7539584,-4.3004947
0.8,2013,50.8880792,-2.7641158
0.8,2012,50.8627014,-3.6441347
0.8,2011,52.1920183,-1.7732927
0.7,2011,51.6021913,-1.1115116
0.6,2013,55.881174,-3.0811287
0.5,2011,50.7370704,-2.0992477
0.5,2016,51.5256,0.0799
0.4,2017,54.6041896,-5.9225681
0.2,2012,50.7762393,-2.3991813
1380,1996,53.221973,-3.0606787
42,1995,52.851011,1.4004645
2.1,2011,55.7179889,-4.6592331
91,2014,53.3286305,-2.7584216
80,2011,51.5287718,-0.2416806
50,1970,51.622608,-0.0755555
49,2016,54.6324391,-1.2706837
37,2010,51.5196373,-0.5344536
35,1994,51.4831678,-0.0538222
30,2014,51.4695673,-3.2372917
26,2014,51.8445643,-1.2266997
8,1971,53.567,-2.4076
7.3,2016,52.5749567,-0.2082129
3.5,2014,50.7041812,-3.5242896
630,2013,51.4099351,1.2356865
576,2013,53.4677597,-3.2524075
573,2018,53.276, 0.841
546,2019,51.633333, 1.483333
504,2011,51.88, 1.94
400,2018,50.7842471,0.0558003
388.8,2014,53.9830031,-3.4651887
368,2011,54.044, -3.522
352.8,2017,51.5000125,0.5745782
330,2017,54.0440031,-3.5241887
329,2018,54.0440031,-3.5241887
300,2010,51.4306, 1.6331
273,2018,58.3026332,-2.9622928
270,2013,53.183333, 0.483333
259,2016,53.483333, -3.166667
219,2015,53.644, 0.293
210,2015,53.8050031,0.1468113
172.8,2010,51.739444, 1.174444
158.4,2012,53.1746499,1.0755863
158.4,2012,53.1746499,1.0755863
150,2011,54.1000031,-3.4021887
108,2017,53.2490032,1.3878113
102,2017,53.2490032,1.3878113
102,2017,53.2490032,1.3878113
97.2,2008,53.1275, 0.436111
97.2,2008,53.1275, 0.436111
96.8,2018,57.216667, -1.983333
90,2006,53.983333, -3.283333
90,2008,53.4877423,-3.1980086
90,2017,53.2490032,1.3878113
90,2005,51.4600033,1.0878113
90,2009,53.3666699,-3.6521887
90,2010,54.7500031,-3.7188554
90,2010,54.7500031,-3.7188554
60,2004,53.4333365,-3.4021887
60,2004,52.648889, 1.790278
49.5,2015,51.4600033,1.0878113
40,2018,55.135833, -1.490278
30,2017,57.4833362,-1.3521887
12,2013,51.7394477,1.1722557
322,2007,55.7125, -4.341111
239,2016,55.0500031,-4.7674665
228,2016,51.7045236,-3.5252291
227.7,2018,57.2741432,-4.6417659
217,2012,55.7125, -4.341111
197.7,2012,55.467222, -3.654444
195.9,2011,55.467222, -3.654444
188.6,2011,56.6184649,-3.8753158
177,2019,57.3689485,-3.052284
144,2013,55.8333445,-2.7420881
138,2003,55.900003,-2.5521887
136,2013,55.216699,-3.7196285
128.8,2011,55.467222, -3.654444
124.2,2005,55.766944, -3.738889
120,2010,55.053333, -4.882222
119.8,2005,55.245833, -4.723056
108.8,2017,57.1955289,-4.8557912
108,2017,57.2230231,-4.6687917
94.1,2016,57.2771818,-4.2723148
92,2006,57.325, -4.094167
75.9,2013,56.9716262,-2.3749454
73.6,2011,55.0067097,-7.3466648
72,2007,56.276111, -4.0625
70,2011,58.0122788,-3.8631197
69,2017,57.2199646,-4.4985007
69,2016,55.319158,-4.4718992
69,2013,57.695545,-4.7952332
68,2013,53.5892472,-0.7636787
67.5,2008,58.0400028,-4.0619109
67,2014,57.4871204,-3.5482244
66,2015,58.3852564,-3.8938534
65,2008,57.1236491,-4.8485267
65,2008,53.659444, -2.251944
64.4,2005,57.4554241,-3.4059646
63.4,2016,55.782084,-3.7206303
62.5,2003,55.8988007,-2.5304545
61.5,2017,55.245009,-4.3106168
60,2016,57.3895717,-4.0674845
59.8,2008,50.9720846,0.7898304
58.5,2005,52.416679,-3.5087548
57.4,2018,51.9486972,-4.2182606
56,2011,55.1299866,-4.7480503
55.2,2017,55.53429,-3.9241694
54.4,2017,55.165995,-2.0533632
54,2013,55.4937465,-1.749844
52.9,2018,55.3330947,-4.1421714
52.5,2013,58.5644195,-3.680272
50.6,2004,57.5725394,-3.2686584
50.4,2017,53.2985213,-2.7396531
50,2013,58.4060306,-3.2645776
48.5,2017,57.6654489,-4.7696347
48.3,2005,58.4302897,-3.4466026
48.3,2012,57.5047307,-3.0420704
47.5,2017,54.9374913,-6.7409517
47.5,2013,51.5762844,-3.504811
44,2012,53.621233,-0.9210434
43.7,2012,55.567289,-5.5753936
42.6,2016,56.3428722,-5.402477
41.4,2009,57.4085354,-6.4262966
41.4,2013,57.5275059,-3.1997627
40,2009,57.5411947,-4.6589929
39.9,2017,54.961196,-5.1734836
38,2010,57.9980006,-4.5038229
38,2009,55.6647444,-2.8676063
37.5,2017,55.7857095,-3.6978075
36.9,2015,57.3721675,-2.8676026
36.8,2017,55.122873,-3.3252097
36.8,2008,55.1126518,-3.2246238
36.8,2012,57.709944, -4.437778
36,2017,55.6213641,-3.9912443
36,2012,55.0989752,-2.201022
35,2017,55.527863,-3.8021921
35,2007,56.0769514,-4.1040873
34.9,2016,53.6828643,-0.7971331
34.5,2016,54.6469694,-7.7606279
33.6,1996,52.5653143,-3.6001839
33,2013,53.6721482,-0.8877967
32.8,2019,51.7679525,-3.9451048
32,2008,56.6792795,-3.344429
32,2006,51.672388,-3.668482
31.1,2017,55.0123841,-3.0266907
30.6,1993,52.5110766,-3.4844994
30.4,2017,52.4095064,-3.3042702
30.1,2007,55.782084,-3.7206303
30.1,2010,56.2072149,-3.7702261
30,2004,55.6797343,-4.8073943
30,2008,55.1612772,-3.6821216
30,2009,54.4989243,-7.1093652
30,2014,55.6756141,-4.0664943
30,2009,53.9949079,-0.9989659
29.9,2015,58.5742608,-3.182117
29.8,2005,57.8015068,-4.3314193
29.8,2004,56.0436608,-5.1491527
29.8,2009,55.8094797,-2.8378767
29.8,2016,53.3607181,-4.5577608
29.7,2002,55.567289,-5.5753936
28.7,2016,55.901544,-2.2643977
28.6,2005,54.9666782,-4.7754215
28.6,2012,55.9052252,-2.2580498
28.5,2005,54.5611897,-7.5517059
28,2012,55.7532502,-4.8251673
27.6,2007,57.4431877,-6.4761708
27.6,2010,55.7733501,-2.8725034
27,2008,56.2286263,-3.6491725
26.7,2009,57.4151832,-2.6498034
26.7,2018,58.3642852,-3.7095429
26,2003,54.9647553,-7.0252419
26,2008,53.400012,0.9079119
26,2016,52.9269199,-0.2241054
26,2015,55.605678,-4.1032492
26,2008,55.5585416,-3.8736666
26,2012,55.2034693,-1.5633286
26,2011,51.7620406,-3.6489189
26,2012,52.1481144,0.3041446
26,2016,52.6542082,-0.0407707
25.3,2016,54.9184475,-4.7618831
25.3,2017,51.6464539,-3.5673856
25,2016,55.2228506,-4.8277749
25,2018,54.6131403,-7.4959735
25,2009,55.0234434,-6.2515781
25,2017,55.226806,-3.5611717
25,2013,58.0043788,-4.5545319
25,2014,56.8374989,-2.4043407
24,2010,56.0562166,-4.0082293
24,2013,53.8777975,-0.3676911
24,2013,51.6912571,-3.5151347
24,2007,52.4330294,-0.0236763
24,2010,53.7267117,-0.929625
23,2009,51.9660065,-4.2657138
22.5,2015,58.3501185,-3.2067126
22.5,2017,55.789955,-5.4870097
22.5,2016,56.0833086,-4.0854943
22.5,2015,51.7092943,-3.5303237
22,2017,55.0162201,-4.9973697
22,2012,55.536253,-3.4457165
22,2009,54.8734015,-5.0885689
22,2012,52.4271363,-1.1617177
21.6,1996,55.285586,-4.2016587
21.3,2005,53.1094334,-3.4887774
20.7,2014,51.6592986,0.8883923
20.5,2013,51.718516,0.923447
20.5,2017,55.6826141,-5.4710776
20.5,2013,53.736147,-0.8006309
20.4,1997,53.3603502,-4.4491287
20,2013,52.0595294,-0.2497753
20,2013,50.3499574,-5.0536457
20,2017,52.0000534,-4.3576446
20,2011,54.4566941,-7.3331951
20,2007,52.5767818,0.1477213
19.3,2005,56.224051,-5.2130074
19.2,2016,55.818659,-3.5698707
18.8,2017,54.4989243,-7.1093652
18.5,2002,55.496642,-5.6806657
18.5,2016,55.252078,-1.6141317
18.4,2013,57.2730585,-2.9644109
18.2,2007,55.2208537,-4.0551106
18,2016,55.0793151,-6.2668027
18,2016,50.785, -3.863
18,1993,53.775556, -1.936944
17.5,2010,56.8406729,-2.4094307
17.5,2017,51.6420432,0.8605602
17.2,2000,55.8055855,-2.8529094
17.1,2016,50.9802409,-3.6762579
17.1,2013,53.7460332,-0.0704907
17,1997,57.7002568,-4.4392792
16.9,2006,54.4386113,-8.0153867
16.4,2017,53.5144676,0.0035927
16.4,2013,51.9391933,-0.2299557
16.4,2013,55.4947252,-2.9106331
16.4,2013,52.3755205,-1.1507522
16.3,2006,57.663157,-2.6292827
16.1,2015,52.4485941,-0.75873
16,2009,53.626669,-0.6481331
16,2014,53.7514508,-2.1553407
16,2005,52.5847154,0.147385
16,2006,52.7341993,-0.227729
16,2013,56.1628126,-3.1091773
16,2007,53.4262077,0.0820541
16,2006,52.5132584,-0.0926282
16,2007,53.995755,-1.6477528
15.8,2001,55.6375936,-5.5597034
15.6,2002,55.7117,-3.1357887
15.6,2002,55.7111711,-3.1335806
15.6,1996,55.558782,-3.8936447
15.3,2014,54.9117711,-4.7712357
15.3,2002,52.6345853,-3.6973793
15,2009,56.286319,-4.9497166
15,2015,52.8823682,0.7063733
15,2013,55.575404,-3.9512707
15,2013,55.2492214,-1.860202
14.5,2006,52.5848061,-3.4329956
14.4,2012,52.5905588,0.1378113
14,2014,52.3583366,-0.6521887
14,2013,52.7509161,0.1607189
14,2011,54.8853131,-1.9170217
14,2008,54.8307543,-1.4155197
13.8,2016,55.8988007,-2.5304545
13.8,2016,55.1222252,-3.3511887
13.2,2000,55.3906232,-4.1114157
13.2,2014,55.738887,-4.0766927
12.5,2013,57.4484136,-2.4745127
12.5,2014,53.6632923,-2.2676569
12.3,2013,52.5101153,-0.1016433
12.3,2016,52.7509161,0.1607189
12.3,2010,55.760327,-3.5809127
12.3,2016,56.206872,-3.7740727
12.3,2013,53.8359627,-0.5996391
12,2014,55.6436015,-2.0395275
12,2008,50.0494514,-5.2052077
12,2013,54.9413025,-5.8049929
12,2017,51.5614875,-3.4556529
12,2006,52.8374718,0.1035032
12,2013,54.7130745,-3.3603371
11.8,2016,53.7879181,-0.8658087
11.7,2007,54.9626031,-7.0362887
11.7,2008,53.135673,-3.7186626
11.5,2014,55.7117398,-4.2496305
10.6,2013,53.1478942,-1.0225757
10.5,2013,54.8730401,-4.7795847
10.4,2011,51.6558442,-3.4609604
10.3,2015,50.482306,-4.8586178
10.3,2011,54.6652253,-1.3832998
10.3,2011,54.6652253,-1.3832998
10.3,2013,51.8088575,1.1046067
10.3,2012,54.491239,-1.2555564
10.2,2013,57.0163639,-2.2729237
10.2,1998,52.4647182,-3.9676627
10.1,2018,55.7804752,-4.429772
10,2017,57.4663329,-2.9008117
10,2014,53.0877355,-1.6288948
10,2015,50.4626259,-4.9694569
10,2008,53.438163,-3.008511
10,2007,52.5102581,0.0340306
10,2011,53.8411981,-0.5939347
10,2012,59.1906784,-2.6913745
10,2015,52.3637483,1.5295843
10,2014,51.7011828,-4.9931287
10,2013,56.1729474,-3.272022
10,2008,54.8027921,-6.1009237
10,2015,52.33967,-0.3002165
9.9,1994,52.3675,-3.56417
9.6,2004,53.3204402,0.2312053
9.6,2001,50.4717755,-4.9594288
9.6,2010,56.3063966,-3.4300902
9.4,2003,52.3076873,-4.0267807
9.2,2014,50.9225094,-4.2750407
9.2,2012,54.8468602,-3.348996
9.1,2002,53.6685229,0.0992912
9,2008,54.6813221,-7.3852487
9,2007,54.6343764,-7.6139028
9,2010,53.1173552,-1.1476337
9,1993,51.5678623,-3.4750207
8.6,2017,52.2300483,-0.6109517
8.6,2015,53.5566322,-1.3695637
8.4,1999,56.382998,-5.2784347
8.2,2013,52.4660773,-0.1207259
8.2,2011,52.4972719,-1.1767762
8.2,2016,51.4329003,0.7364833
8.2,2016,55.252341,-1.6137137
8,2009,54.8185191,-1.6942507
8,2007,55.1635757,-3.0670899
8,2008,54.8224891,-1.6922987
8,2017,51.6144558,-3.6830045
7.8,2007,54.6288521,-7.6191547
7.5,2013,53.5441152,-1.7083367
7.5,2013,54.6847361,-3.4949977
7.5,2012,57.9950926,-4.4722039
7.3,2016,52.8070502,-1.0358997
7.3,2002,54.437379,-7.337065
7.2,2016,54.6421975,-3.4991054
7.2,2014,52.1617603,-0.8663517
7,1992,53.4023785,-4.401063
7,1993,53.5361363,-1.6871646
6.9,2017,51.5561653,-2.5064207
6.9,2010,57.3162829,-2.1139069
6.9,2013,57.0157659,-2.2698447
6.9,2010,57.4502159,-2.4783167
6.9,2009,57.6235099,-2.5955907
6.9,2013,53.750738,-0.0273834
6.8,2014,52.3300093,1.1264973
6.8,2004,54.6295661,-3.5016217
6.5,2011,54.5739753,-3.533772
6.5,2000,54.3349051,-2.6379827
6.2,2013,54.8979681,-1.8875157
6.2,2017,50.8075173,-4.2592951
6,2009,58.437748,-3.2040616
6,2013,58.5161198,-4.1715657
6,2007,51.5121633,-2.7112527
6,2013,52.5340042,-0.0258607
6,2010,55.7688152,-3.0208407
6,2006,53.7672822,-2.2975867
6,2013,53.7672822,-2.2975867
6,2017,53.0482032,-0.8163887
6,2011,54.7818701,-1.4419337
6,2009,55.701767,-3.9458807
6,2017,52.1392493,-4.5003158
6,2011,54.8321471,-1.4165607
5.9,2000,54.4383904,-7.341483
5.9,2004,51.521944, 0.151111
5.6,1996,53.3760582,-4.3425407
5.5,2004,54.6932211,-1.3037117
5.4,1994,51.911462,-4.5871677
5.2,2007,58.6052178,-3.6912697
5.2,2008,54.7643591,-1.7603587
5.2,2008,54.7211121,-1.4434187
5.1,2010,54.7726421,-1.4554557
5.1,2010,54.7726421,-1.4554557
5,1995,54.6797411,-7.4071477
5,2006,59.1149993,-3.1478928
5,1995,55.0324871,-6.2625417
5,1995,54.8027441,-6.1069247
5,2013,52.3309988,1.1263972
5,1995,55.0470513,-6.7981216
5,2010,51.5633797,-2.9574661
5,2016,54.7519913,-6.8287718
4.8,1993,54.2474622,-3.1452584
4.8,2009,51.7598914,-4.5314228
4.7,2017,55.1635757,-3.0670899
4.6,2013,54.8792887,-6.2371209
4.6,2016,56.109455,-3.3049937
4.6,2013,51.3885913,0.8410863
4.6,2013,53.3862762,-4.3869796
4.5,2007,52.9573282,-3.4737477
4.5,1995,50.2868711,-5.1396415
4.5,2010,53.3105413,-1.2414232
4.2,2013,53.8965065,-2.8495425
4.1,1997,54.8327262,-1.4282945
4.1,2010,54.8280154,-1.4893173
4.1,2016,52.6993208,-2.1105563
4,2016,52.6633489,-0.0998349
4,2014,52.3474852,-1.157142
4,2006,56.4746755,-3.0368725
4,2015,50.9132427,-4.4615288
4,2014,50.3043591,-4.8837589
4,2007,55.9116154,-3.9003514
4,2016,56.165489,-3.1080877
4,2014,52.627895,0.7212298
4,2014,51.6920123,-3.1734187
4,2014,52.6925691,1.1049527
4,2006,54.6388321,-3.4986167
4,1999,54.8705671,-3.0688157
3.9,2006,58.1764255,-6.4422971
3.9,2007,58.4473361,-3.2492165
3.9,2015,54.7794546,-3.1712723
3.6,2001,51.7598914,-4.5314228
3.4,2005,54.1998591,-3.3287127
3.3,2004,51.7250693,-5.0612027
3,2013,55.7983915,-4.216935
3,2000,55.3903815,-4.1083133
3,1999,53.4657783,-3.0218294
2.8,2004,55.3533914,-4.1234899
2.8,2006,54.6632531,-1.385272
2.8,2004,54.6932831,-1.3036047
2.8,2004,54.8241411,-1.6910197
2.8,2004,54.8232551,-1.6908547
2.7,2011,50.9082753,-4.495964
2.6,2008,53.1430232,0.2312943
2.5,2017,51.7651732,-3.6379548
2.4,2001,54.7642261,-1.7612307
2.4,1997,52.4086613,-3.8822957
2.3,2014,57.5605909,-2.2931907
2.3,2001,54.7552001,-1.8003027
2.3,2011,51.5064854,-3.1019747
2,2010,53.8885223,-2.7870834
2,2003,58.6031751,-3.6851542
2,2005,51.4186758,-0.9855616
2,2008,52.4621938,-0.1217294
2,2008,51.2544663,-2.5825625
2,2015,52.5565378,-0.1714253
2,2009,53.3108219,-1.1581524
2,1999,54.6274301,-3.5032628
1.8,2000,55.0891501,-1.9877037
1.8,2000,52.7099692,1.6557485
1.8,2003,52.7099678,1.6544509
1.7,2008,50.1758454,-5.1442427
1.5,1999,52.6567974,0.6834161
1.5,2012,56.0528082,-3.4437858
1.5,2014,52.5516976,0.0864224
1.5,2015,54.6705601,-3.5495987
1.2,2002,53.3181057,0.2355226
0.8,2015,53.2874592,-1.2690887
0.8,2016,53.7038797,-1.1077755
0.8,2016,52.7577239,0.4486076
0.8,2016,56.4998729,-3.4083927
0.6,2001,55.657791,-4.2125507
0.5,2014,50.4541145,-4.467272
0.5,1996,51.7021736,-2.2700313
1559,1971,51.38731,-3.4049
800,2002,51.5118541,0.507903099
2000,1969,53.304,-0.7815
445,1998,53.30513396,-0.785822868
140,1982,50.7469,-1.2862
805,2000,51.42491531,0.601426363
1450,1998,51.6246,-1.2683
408,1999,51.6624839,-0.022476912
80,2015,53.7174,-1.28058
99,1994,53.54109797,-0.505564213
1517,2011,51.4444,0.7114
1252,2004,53.63682707,-0.237729549
600,1992,53.6592,-0.256
600,1992,53.65354083,-0.25560379
559,1981,54.7251,-5.7643
905,2010,50.38821922,-4.011758566
420,2018,55.20422265,-1.521906853
898,2009,50.8998,-1.4384
755,1995,51.43956374,0.68939209
2199,2012,51.685,-4.99
245,1993,52.5769,-0.204
810,1998,53.31472382,-2.723236084
1200,2000,53.73480188,-0.243415833
1234,2000,51.5392,-2.67
850,2010,51.5475,-2.975
420,2000,50.82925237,-0.231099129
1365,1997,53.60078217,-0.14462471
1772,2010,53.07296414,-0.858521461
819,1999,52.7579,0.1923
62,2013,54.57551943,-1.127557755
230,1966,51.549071,-2.970539
2000,1969,53.36046391,-0.810198784
