primary_fuel,generation_technology,capacity_MW,amortization_rate,emission_rate_ton_h,generation_cost_per_MWh,annual_emission_ton,carbon_price_$_ton,capacity_factor,biomass_cofiring,plant_LCOE_MWh,carbon_LCOE_MWh,LCOE_MWh,biomass_emission_rate_ton_h,biomass_annual_emission_ton,biomass_plant_LCOE_MWh,biomass_carbon_LCOE_MWh,biomass_LCOE_MWh,age
natural_gas,CCGT,100,3,23,67.221,151110,10,0.75,15,64.08,3.066666667,67.14666667,19.55,128541.25,60.2352,2.606666667,62.84186667,1
natural_gas,CCGT,100,7,23,66.696,151110,10,0.75,15,63.58,3.066666667,66.64666667,19.55,128541.25,59.7652,2.606666667,62.37186667,2
natural_gas,CCGT,100,10,23,66.3075,151110,10,0.75,15,63.21,3.066666667,66.27666667,19.55,128541.25,59.4174,2.606666667,62.02406667,3
natural_gas,CCGT,100,13,23,65.9085,151110,10,0.75,15,62.83,3.066666667,65.89666667,19.55,128541.25,59.0602,2.606666667,61.66686667,4
natural_gas,CCGT,100,17,23,65.3835,151110,10,0.75,15,62.33,3.066666667,65.39666667,19.55,128541.25,58.5902,2.606666667,61.19686667,5
natural_gas,CCGT,100,20,23,64.9845,151110,10,0.75,15,61.95,3.066666667,65.01666667,19.55,128541.25,58.233,2.606666667,60.83966667,6
natural_gas,CCGT,100,23,23,64.5855,151110,10,0.75,15,61.57,3.066666667,64.63666667,19.55,128541.25,57.8758,2.606666667,60.48246667,7
natural_gas,CCGT,100,27,23,64.0605,151110,10,0.75,15,61.07,3.066666667,64.13666667,19.55,128541.25,57.4058,2.606666667,60.01246667,8
natural_gas,CCGT,100,30,23,63.6615,151110,10,0.75,15,60.69,3.066666667,63.75666667,19.55,128541.25,57.0486,2.606666667,59.65526667,9
natural_gas,CCGT,100,33,23,63.273,151110,10,0.75,15,60.32,3.066666667,63.38666667,19.55,128541.25,56.7008,2.606666667,59.30746667,10
natural_gas,CCGT,100,37,23,62.7375,151110,10,0.75,15,59.81,3.066666667,62.87666667,19.55,128541.25,56.2214,2.606666667,58.82806667,11
natural_gas,CCGT,100,40,23,62.349,151110,10,0.75,15,59.44,3.066666667,62.50666667,19.55,128541.25,55.8736,2.606666667,58.48026667,12
natural_gas,CCGT,100,43,23,61.95,151110,10,0.75,15,59.06,3.066666667,62.12666667,19.55,128541.25,55.5164,2.606666667,58.12306667,13
natural_gas,CCGT,100,47,23,61.425,151110,10,0.75,15,58.56,3.066666667,61.62666667,19.55,128541.25,55.0464,2.606666667,57.65306667,14
natural_gas,CCGT,100,50,23,61.026,151110,10,0.75,15,58.18,3.066666667,61.24666667,19.55,128541.25,54.6892,2.606666667,57.29586667,15
natural_gas,CCGT,100,53,23,60.627,151110,10,0.75,15,57.8,3.066666667,60.86666667,19.55,128541.25,54.332,2.606666667,56.93866667,16
natural_gas,CCGT,100,57,23,60.102,151110,10,0.75,15,57.29,3.066666667,60.35666667,19.55,128541.25,53.8526,2.606666667,56.45926667,17
natural_gas,CCGT,100,60,23,59.703,151110,10,0.75,15,56.91,3.066666667,59.97666667,19.55,128541.25,53.4954,2.606666667,56.10206667,18
natural_gas,CCGT,100,63,23,59.3145,151110,10,0.75,15,56.54,3.066666667,59.60666667,19.55,128541.25,53.1476,2.606666667,55.75426667,19
natural_gas,CCGT,100,67,23,58.779,151110,10,0.75,15,56.03,3.066666667,59.09666667,19.55,128541.25,52.6682,2.606666667,55.27486667,20
natural_gas,CCGT,100,70,23,58.3905,151110,10,0.75,15,55.66,3.066666667,58.72666667,19.55,128541.25,52.3204,2.606666667,54.92706667,21
natural_gas,CCGT,100,73,23,57.9915,151110,10,0.75,15,55.28,3.066666667,58.34666667,19.55,128541.25,51.9632,2.606666667,54.56986667,22
natural_gas,CCGT,100,77,23,57.4665,151110,10,0.75,15,54.78,3.066666667,57.84666667,19.55,128541.25,51.4932,2.606666667,54.09986667,23
natural_gas,CCGT,100,80,23,57.0675,151110,10,0.75,15,54.4,3.066666667,57.46666667,19.55,128541.25,51.136,2.606666667,53.74266667,24
natural_gas,CCGT,100,83,23,56.6685,151110,10,0.75,15,54.02,3.066666667,57.08666667,19.55,128541.25,50.7788,2.606666667,53.38546667,25
natural_gas,CCGT,100,87,23,56.1435,151110,10,0.75,15,53.52,3.066666667,56.58666667,19.55,128541.25,50.3088,2.606666667,52.91546667,26
natural_gas,CCGT,100,90,23,55.755,151110,10,0.75,15,53.15,3.066666667,56.21666667,19.55,128541.25,49.961,2.606666667,52.56766667,27
natural_gas,CCGT,100,93,23,55.356,151110,10,0.75,15,52.77,3.066666667,55.83666667,19.55,128541.25,49.6038,2.606666667,52.21046667,28
natural_gas,CCGT,100,97,23,54.831,151110,10,0.75,15,52.27,3.066666667,55.33666667,19.55,128541.25,49.1338,2.606666667,51.74046667,29
natural_gas,CCGT,100,100,23,54.432,151110,10,0.75,15,51.89,3.066666667,54.95666667,19.55,128541.25,48.7766,2.606666667,51.38326667,30
natural_gas,CCGT,300,3,107,64.02,702990,10,0.75,15,61.03,4.755555556,65.78555556,90.95,597996.25,57.3682,4.042222222,61.41042222,1
natural_gas,CCGT,300,7,107,63.52,702990,10,0.75,15,60.55,4.755555556,65.30555556,90.95,597996.25,56.917,4.042222222,60.95922222,2
natural_gas,CCGT,300,10,107,63.15,702990,10,0.75,15,60.2,4.755555556,64.95555556,90.95,597996.25,56.588,4.042222222,60.63022222,3
natural_gas,CCGT,300,13,107,62.77,702990,10,0.75,15,59.84,4.755555556,64.59555556,90.95,597996.25,56.2496,4.042222222,60.29182222,4
natural_gas,CCGT,300,17,107,62.27,702990,10,0.75,15,59.36,4.755555556,64.11555556,90.95,597996.25,55.7984,4.042222222,59.84062222,5
natural_gas,CCGT,300,20,107,61.89,702990,10,0.75,15,59,4.755555556,63.75555556,90.95,597996.25,55.46,4.042222222,59.50222222,6
natural_gas,CCGT,300,23,107,61.51,702990,10,0.75,15,58.64,4.755555556,63.39555556,90.95,597996.25,55.1216,4.042222222,59.16382222,7
natural_gas,CCGT,300,27,107,61.01,702990,10,0.75,15,58.16,4.755555556,62.91555556,90.95,597996.25,54.6704,4.042222222,58.71262222,8
natural_gas,CCGT,300,30,107,60.63,702990,10,0.75,15,57.8,4.755555556,62.55555556,90.95,597996.25,54.332,4.042222222,58.37422222,9
natural_gas,CCGT,300,33,107,60.26,702990,10,0.75,15,57.45,4.755555556,62.20555556,90.95,597996.25,54.003,4.042222222,58.04522222,10
natural_gas,CCGT,300,37,107,59.75,702990,10,0.75,15,56.96,4.755555556,61.71555556,90.95,597996.25,53.5424,4.042222222,57.58462222,11
natural_gas,CCGT,300,40,107,59.38,702990,10,0.75,15,56.61,4.755555556,61.36555556,90.95,597996.25,53.2134,4.042222222,57.25562222,12
natural_gas,CCGT,300,43,107,59,702990,10,0.75,15,56.24,4.755555556,60.99555556,90.95,597996.25,52.8656,4.042222222,56.90782222,13
natural_gas,CCGT,300,47,107,58.5,702990,10,0.75,15,55.77,4.755555556,60.52555556,90.95,597996.25,52.4238,4.042222222,56.46602222,14
natural_gas,CCGT,300,50,107,58.12,702990,10,0.75,15,55.41,4.755555556,60.16555556,90.95,597996.25,52.0854,4.042222222,56.12762222,15
natural_gas,CCGT,300,53,107,57.74,702990,10,0.75,15,55.04,4.755555556,59.79555556,90.95,597996.25,51.7376,4.042222222,55.77982222,16
natural_gas,CCGT,300,57,107,57.24,702990,10,0.75,15,54.57,4.755555556,59.32555556,90.95,597996.25,51.2958,4.042222222,55.33802222,17
natural_gas,CCGT,300,60,107,56.86,702990,10,0.75,15,54.2,4.755555556,58.95555556,90.95,597996.25,50.948,4.042222222,54.99022222,18
natural_gas,CCGT,300,63,107,56.49,702990,10,0.75,15,53.85,4.755555556,58.60555556,90.95,597996.25,50.619,4.042222222,54.66122222,19
natural_gas,CCGT,300,67,107,55.98,702990,10,0.75,15,53.37,4.755555556,58.12555556,90.95,597996.25,50.1678,4.042222222,54.21002222,20
natural_gas,CCGT,300,70,107,55.61,702990,10,0.75,15,53.01,4.755555556,57.76555556,90.95,597996.25,49.8294,4.042222222,53.87162222,21
natural_gas,CCGT,300,73,107,55.23,702990,10,0.75,15,52.65,4.755555556,57.40555556,90.95,597996.25,49.491,4.042222222,53.53322222,22
natural_gas,CCGT,300,77,107,54.73,702990,10,0.75,15,52.17,4.755555556,56.92555556,90.95,597996.25,49.0398,4.042222222,53.08202222,23
natural_gas,CCGT,300,80,107,54.35,702990,10,0.75,15,51.81,4.755555556,56.56555556,90.95,597996.25,48.7014,4.042222222,52.74362222,24
natural_gas,CCGT,300,83,107,53.97,702990,10,0.75,15,51.45,4.755555556,56.20555556,90.95,597996.25,48.363,4.042222222,52.40522222,25
natural_gas,CCGT,300,87,107,53.47,702990,10,0.75,15,50.97,4.755555556,55.72555556,90.95,597996.25,47.9118,4.042222222,51.95402222,26
natural_gas,CCGT,300,90,107,53.1,702990,10,0.75,15,50.62,4.755555556,55.37555556,90.95,597996.25,47.5828,4.042222222,51.62502222,27
natural_gas,CCGT,300,93,107,52.72,702990,10,0.75,15,50.26,4.755555556,55.01555556,90.95,597996.25,47.2444,4.042222222,51.28662222,28
natural_gas,CCGT,300,97,107,52.22,702990,10,0.75,15,49.78,4.755555556,54.53555556,90.95,597996.25,46.7932,4.042222222,50.83542222,29
natural_gas,CCGT,300,100,107,51.84,702990,10,0.75,15,49.42,4.755555556,54.17555556,90.95,597996.25,46.4548,4.042222222,50.49702222,30
natural_gas,CCGT,600,3,214,62.94,1405980,10,0.75,15,60,4.755555556,64.75555556,181.9,1195992.5,56.4,4.042222222,60.44222222,1
natural_gas,CCGT,600,7,214,62.45,1405980,10,0.75,15,59.53,4.755555556,64.28555556,181.9,1195992.5,55.9582,4.042222222,60.00042222,2
natural_gas,CCGT,600,10,214,62.08,1405980,10,0.75,15,59.18,4.755555556,63.93555556,181.9,1195992.5,55.6292,4.042222222,59.67142222,3
natural_gas,CCGT,600,13,214,61.72,1405980,10,0.75,15,58.84,4.755555556,63.59555556,181.9,1195992.5,55.3096,4.042222222,59.35182222,4
natural_gas,CCGT,600,17,214,61.23,1405980,10,0.75,15,58.37,4.755555556,63.12555556,181.9,1195992.5,54.8678,4.042222222,58.91002222,5
natural_gas,CCGT,600,20,214,60.86,1405980,10,0.75,15,58.02,4.755555556,62.77555556,181.9,1195992.5,54.5388,4.042222222,58.58102222,6
natural_gas,CCGT,600,23,214,60.49,1405980,10,0.75,15,57.66,4.755555556,62.41555556,181.9,1195992.5,54.2004,4.042222222,58.24262222,7
natural_gas,CCGT,600,27,214,60,1405980,10,0.75,15,57.2,4.755555556,61.95555556,181.9,1195992.5,53.768,4.042222222,57.81022222,8
natural_gas,CCGT,600,30,214,59.63,1405980,10,0.75,15,56.84,4.755555556,61.59555556,181.9,1195992.5,53.4296,4.042222222,57.47182222,9
natural_gas,CCGT,600,33,214,59.26,1405980,10,0.75,15,56.49,4.755555556,61.24555556,181.9,1195992.5,53.1006,4.042222222,57.14282222,10
natural_gas,CCGT,600,37,214,58.77,1405980,10,0.75,15,56.02,4.755555556,60.77555556,181.9,1195992.5,52.6588,4.042222222,56.70102222,11
natural_gas,CCGT,600,40,214,58.4,1405980,10,0.75,15,55.67,4.755555556,60.42555556,181.9,1195992.5,52.3298,4.042222222,56.37202222,12
natural_gas,CCGT,600,43,214,58.03,1405980,10,0.75,15,55.32,4.755555556,60.07555556,181.9,1195992.5,52.0008,4.042222222,56.04302222,13
natural_gas,CCGT,600,47,214,57.54,1405980,10,0.75,15,54.85,4.755555556,59.60555556,181.9,1195992.5,51.559,4.042222222,55.60122222,14
natural_gas,CCGT,600,50,214,57.18,1405980,10,0.75,15,54.51,4.755555556,59.26555556,181.9,1195992.5,51.2394,4.042222222,55.28162222,15
natural_gas,CCGT,600,53,214,56.81,1405980,10,0.75,15,54.16,4.755555556,58.91555556,181.9,1195992.5,50.9104,4.042222222,54.95262222,16
natural_gas,CCGT,600,57,214,56.32,1405980,10,0.75,15,53.69,4.755555556,58.44555556,181.9,1195992.5,50.4686,4.042222222,54.51082222,17
natural_gas,CCGT,600,60,214,55.95,1405980,10,0.75,15,53.34,4.755555556,58.09555556,181.9,1195992.5,50.1396,4.042222222,54.18182222,18
natural_gas,CCGT,600,63,214,55.58,1405980,10,0.75,15,52.98,4.755555556,57.73555556,181.9,1195992.5,49.8012,4.042222222,53.84342222,19
natural_gas,CCGT,600,67,214,55.09,1405980,10,0.75,15,52.52,4.755555556,57.27555556,181.9,1195992.5,49.3688,4.042222222,53.41102222,20
natural_gas,CCGT,600,70,214,54.72,1405980,10,0.75,15,52.16,4.755555556,56.91555556,181.9,1195992.5,49.0304,4.042222222,53.07262222,21
natural_gas,CCGT,600,73,214,54.35,1405980,10,0.75,15,51.81,4.755555556,56.56555556,181.9,1195992.5,48.7014,4.042222222,52.74362222,22
natural_gas,CCGT,600,77,214,53.86,1405980,10,0.75,15,51.34,4.755555556,56.09555556,181.9,1195992.5,48.2596,4.042222222,52.30182222,23
natural_gas,CCGT,600,80,214,53.49,1405980,10,0.75,15,50.99,4.755555556,55.74555556,181.9,1195992.5,47.9306,4.042222222,51.97282222,24
natural_gas,CCGT,600,83,214,53.13,1405980,10,0.75,15,50.65,4.755555556,55.40555556,181.9,1195992.5,47.611,4.042222222,51.65322222,25
natural_gas,CCGT,600,87,214,52.64,1405980,10,0.75,15,50.18,4.755555556,54.93555556,181.9,1195992.5,47.1692,4.042222222,51.21142222,26
natural_gas,CCGT,600,90,214,52.27,1405980,10,0.75,15,49.83,4.755555556,54.58555556,181.9,1195992.5,46.8402,4.042222222,50.88242222,27
natural_gas,CCGT,600,93,214,51.9,1405980,10,0.75,15,49.48,4.755555556,54.23555556,181.9,1195992.5,46.5112,4.042222222,50.55342222,28
natural_gas,CCGT,600,97,214,51.41,1405980,10,0.75,15,49.01,4.755555556,53.76555556,181.9,1195992.5,46.0694,4.042222222,50.11162222,29
natural_gas,CCGT,600,100,214,51.04,1405980,10,0.75,15,48.66,4.755555556,53.41555556,181.9,1195992.5,45.7404,4.042222222,49.78262222,30
natural_gas,CCGT,900,3,322,62.53,2115540,10,0.75,15,59.61,4.77037037,64.38037037,273.7,1799577.5,56.0334,4.054814815,60.08821481,1
natural_gas,CCGT,900,7,322,62.04,2115540,10,0.75,15,59.14,4.77037037,63.91037037,273.7,1799577.5,55.5916,4.054814815,59.64641481,2
natural_gas,CCGT,900,10,322,61.68,2115540,10,0.75,15,58.8,4.77037037,63.57037037,273.7,1799577.5,55.272,4.054814815,59.32681481,3
natural_gas,CCGT,900,13,322,61.32,2115540,10,0.75,15,58.46,4.77037037,63.23037037,273.7,1799577.5,54.9524,4.054814815,59.00721481,4
natural_gas,CCGT,900,17,322,60.83,2115540,10,0.75,15,57.99,4.77037037,62.76037037,273.7,1799577.5,54.5106,4.054814815,58.56541481,5
natural_gas,CCGT,900,20,322,60.47,2115540,10,0.75,15,57.65,4.77037037,62.42037037,273.7,1799577.5,54.191,4.054814815,58.24581481,6
natural_gas,CCGT,900,23,322,60.1,2115540,10,0.75,15,57.29,4.77037037,62.06037037,273.7,1799577.5,53.8526,4.054814815,57.90741481,7
natural_gas,CCGT,900,27,322,59.62,2115540,10,0.75,15,56.84,4.77037037,61.61037037,273.7,1799577.5,53.4296,4.054814815,57.48441481,8
natural_gas,CCGT,900,30,322,59.25,2115540,10,0.75,15,56.48,4.77037037,61.25037037,273.7,1799577.5,53.0912,4.054814815,57.14601481,9
natural_gas,CCGT,900,33,322,58.89,2115540,10,0.75,15,56.14,4.77037037,60.91037037,273.7,1799577.5,52.7716,4.054814815,56.82641481,10
natural_gas,CCGT,900,37,322,58.41,2115540,10,0.75,15,55.68,4.77037037,60.45037037,273.7,1799577.5,52.3392,4.054814815,56.39401481,11
natural_gas,CCGT,900,40,322,58.04,2115540,10,0.75,15,55.33,4.77037037,60.10037037,273.7,1799577.5,52.0102,4.054814815,56.06501481,12
natural_gas,CCGT,900,43,322,57.68,2115540,10,0.75,15,54.99,4.77037037,59.76037037,273.7,1799577.5,51.6906,4.054814815,55.74541481,13
natural_gas,CCGT,900,47,322,57.19,2115540,10,0.75,15,54.52,4.77037037,59.29037037,273.7,1799577.5,51.2488,4.054814815,55.30361481,14
natural_gas,CCGT,900,50,322,56.83,2115540,10,0.75,15,54.18,4.77037037,58.95037037,273.7,1799577.5,50.9292,4.054814815,54.98401481,15
natural_gas,CCGT,900,53,322,56.47,2115540,10,0.75,15,53.83,4.77037037,58.60037037,273.7,1799577.5,50.6002,4.054814815,54.65501481,16
natural_gas,CCGT,900,57,322,55.98,2115540,10,0.75,15,53.37,4.77037037,58.14037037,273.7,1799577.5,50.1678,4.054814815,54.22261481,17
natural_gas,CCGT,900,60,322,55.62,2115540,10,0.75,15,53.02,4.77037037,57.79037037,273.7,1799577.5,49.8388,4.054814815,53.89361481,18
natural_gas,CCGT,900,63,322,55.25,2115540,10,0.75,15,52.67,4.77037037,57.44037037,273.7,1799577.5,49.5098,4.054814815,53.56461481,19
natural_gas,CCGT,900,67,322,54.77,2115540,10,0.75,15,52.21,4.77037037,56.98037037,273.7,1799577.5,49.0774,4.054814815,53.13221481,20
natural_gas,CCGT,900,70,322,54.4,2115540,10,0.75,15,51.86,4.77037037,56.63037037,273.7,1799577.5,48.7484,4.054814815,52.80321481,21
natural_gas,CCGT,900,73,322,54.04,2115540,10,0.75,15,51.52,4.77037037,56.29037037,273.7,1799577.5,48.4288,4.054814815,52.48361481,22
natural_gas,CCGT,900,77,322,53.56,2115540,10,0.75,15,51.06,4.77037037,55.83037037,273.7,1799577.5,47.9964,4.054814815,52.05121481,23
natural_gas,CCGT,900,80,322,53.19,2115540,10,0.75,15,50.71,4.77037037,55.48037037,273.7,1799577.5,47.6674,4.054814815,51.72221481,24
natural_gas,CCGT,900,83,322,52.83,2115540,10,0.75,15,50.36,4.77037037,55.13037037,273.7,1799577.5,47.3384,4.054814815,51.39321481,25
natural_gas,CCGT,900,87,322,52.34,2115540,10,0.75,15,49.9,4.77037037,54.67037037,273.7,1799577.5,46.906,4.054814815,50.96081481,26
natural_gas,CCGT,900,90,322,51.98,2115540,10,0.75,15,49.55,4.77037037,54.32037037,273.7,1799577.5,46.577,4.054814815,50.63181481,27
natural_gas,CCGT,900,93,322,51.62,2115540,10,0.75,15,49.21,4.77037037,53.98037037,273.7,1799577.5,46.2574,4.054814815,50.31221481,28
natural_gas,CCGT,900,97,322,51.13,2115540,10,0.75,15,48.74,4.77037037,53.51037037,273.7,1799577.5,45.8156,4.054814815,49.87041481,29
natural_gas,CCGT,900,100,322,50.77,2115540,10,0.75,15,48.4,4.77037037,53.17037037,273.7,1799577.5,45.496,4.054814815,49.55081481,30
natural_gas,CCGT,1200,3,429,62.3,2818530,10,0.75,15,59.39,4.766666667,64.15666667,364.65,2397573.75,55.8266,4.051666667,59.87826667,1
natural_gas,CCGT,1200,7,429,61.82,2818530,10,0.75,15,58.93,4.766666667,63.69666667,364.65,2397573.75,55.3942,4.051666667,59.44586667,2
natural_gas,CCGT,1200,10,429,61.46,2818530,10,0.75,15,58.59,4.766666667,63.35666667,364.65,2397573.75,55.0746,4.051666667,59.12626667,3
natural_gas,CCGT,1200,13,429,61.09,2818530,10,0.75,15,58.24,4.766666667,63.00666667,364.65,2397573.75,54.7456,4.051666667,58.79726667,4
natural_gas,CCGT,1200,17,429,60.61,2818530,10,0.75,15,57.78,4.766666667,62.54666667,364.65,2397573.75,54.3132,4.051666667,58.36486667,5
natural_gas,CCGT,1200,20,429,60.25,2818530,10,0.75,15,57.44,4.766666667,62.20666667,364.65,2397573.75,53.9936,4.051666667,58.04526667,6
natural_gas,CCGT,1200,23,429,59.89,2818530,10,0.75,15,57.09,4.766666667,61.85666667,364.65,2397573.75,53.6646,4.051666667,57.71626667,7
natural_gas,CCGT,1200,27,429,59.41,2818530,10,0.75,15,56.63,4.766666667,61.39666667,364.65,2397573.75,53.2322,4.051666667,57.28386667,8
natural_gas,CCGT,1200,30,429,59.05,2818530,10,0.75,15,56.29,4.766666667,61.05666667,364.65,2397573.75,52.9126,4.051666667,56.96426667,9
natural_gas,CCGT,1200,33,429,58.69,2818530,10,0.75,15,55.95,4.766666667,60.71666667,364.65,2397573.75,52.593,4.051666667,56.64466667,10
natural_gas,CCGT,1200,37,429,58.21,2818530,10,0.75,15,55.49,4.766666667,60.25666667,364.65,2397573.75,52.1606,4.051666667,56.21226667,11
natural_gas,CCGT,1200,40,429,57.85,2818530,10,0.75,15,55.15,4.766666667,59.91666667,364.65,2397573.75,51.841,4.051666667,55.89266667,12
natural_gas,CCGT,1200,43,429,57.49,2818530,10,0.75,15,54.8,4.766666667,59.56666667,364.65,2397573.75,51.512,4.051666667,55.56366667,13
natural_gas,CCGT,1200,47,429,57,2818530,10,0.75,15,54.34,4.766666667,59.10666667,364.65,2397573.75,51.0796,4.051666667,55.13126667,14
natural_gas,CCGT,1200,50,429,56.64,2818530,10,0.75,15,53.99,4.766666667,58.75666667,364.65,2397573.75,50.7506,4.051666667,54.80226667,15
natural_gas,CCGT,1200,53,429,56.28,2818530,10,0.75,15,53.65,4.766666667,58.41666667,364.65,2397573.75,50.431,4.051666667,54.48266667,16
natural_gas,CCGT,1200,57,429,55.8,2818530,10,0.75,15,53.19,4.766666667,57.95666667,364.65,2397573.75,49.9986,4.051666667,54.05026667,17
natural_gas,CCGT,1200,60,429,55.44,2818530,10,0.75,15,52.85,4.766666667,57.61666667,364.65,2397573.75,49.679,4.051666667,53.73066667,18
natural_gas,CCGT,1200,63,429,55.08,2818530,10,0.75,15,52.51,4.766666667,57.27666667,364.65,2397573.75,49.3594,4.051666667,53.41106667,19
natural_gas,CCGT,1200,67,429,54.6,2818530,10,0.75,15,52.05,4.766666667,56.81666667,364.65,2397573.75,48.927,4.051666667,52.97866667,20
natural_gas,CCGT,1200,70,429,54.24,2818530,10,0.75,15,51.71,4.766666667,56.47666667,364.65,2397573.75,48.6074,4.051666667,52.65906667,21
natural_gas,CCGT,1200,73,429,53.88,2818530,10,0.75,15,51.36,4.766666667,56.12666667,364.65,2397573.75,48.2784,4.051666667,52.33006667,22
natural_gas,CCGT,1200,77,429,53.4,2818530,10,0.75,15,50.91,4.766666667,55.67666667,364.65,2397573.75,47.8554,4.051666667,51.90706667,23
natural_gas,CCGT,1200,80,429,53.03,2818530,10,0.75,15,50.55,4.766666667,55.31666667,364.65,2397573.75,47.517,4.051666667,51.56866667,24
natural_gas,CCGT,1200,83,429,52.67,2818530,10,0.75,15,50.21,4.766666667,54.97666667,364.65,2397573.75,47.1974,4.051666667,51.24906667,25
natural_gas,CCGT,1200,87,429,52.19,2818530,10,0.75,15,49.75,4.766666667,54.51666667,364.65,2397573.75,46.765,4.051666667,50.81666667,26
natural_gas,CCGT,1200,90,429,51.83,2818530,10,0.75,15,49.41,4.766666667,54.17666667,364.65,2397573.75,46.4454,4.051666667,50.49706667,27
natural_gas,CCGT,1200,93,429,51.47,2818530,10,0.75,15,49.07,4.766666667,53.83666667,364.65,2397573.75,46.1258,4.051666667,50.17746667,28
natural_gas,CCGT,1200,97,429,50.99,2818530,10,0.75,15,48.61,4.766666667,53.37666667,364.65,2397573.75,45.6934,4.051666667,49.74506667,29
natural_gas,CCGT,1200,100,429,50.63,2818530,10,0.75,15,48.27,4.766666667,53.03666667,364.65,2397573.75,45.3738,4.051666667,49.42546667,30
natural_gas,CCGT,1500,3,536,62.15,3521520,10,0.75,15,59.25,4.764444444,64.01444444,455.6,2995570,55.695,4.049777778,59.74477778,1
natural_gas,CCGT,1500,7,536,61.67,3521520,10,0.75,15,58.79,4.764444444,63.55444444,455.6,2995570,55.2626,4.049777778,59.31237778,2
natural_gas,CCGT,1500,10,536,61.31,3521520,10,0.75,15,58.45,4.764444444,63.21444444,455.6,2995570,54.943,4.049777778,58.99277778,3
natural_gas,CCGT,1500,13,536,60.95,3521520,10,0.75,15,58.1,4.764444444,62.86444444,455.6,2995570,54.614,4.049777778,58.66377778,4
natural_gas,CCGT,1500,17,536,60.47,3521520,10,0.75,15,57.65,4.764444444,62.41444444,455.6,2995570,54.191,4.049777778,58.24077778,5
natural_gas,CCGT,1500,20,536,60.11,3521520,10,0.75,15,57.3,4.764444444,62.06444444,455.6,2995570,53.862,4.049777778,57.91177778,6
natural_gas,CCGT,1500,23,536,59.75,3521520,10,0.75,15,56.96,4.764444444,61.72444444,455.6,2995570,53.5424,4.049777778,57.59217778,7
natural_gas,CCGT,1500,27,536,59.27,3521520,10,0.75,15,56.5,4.764444444,61.26444444,455.6,2995570,53.11,4.049777778,57.15977778,8
natural_gas,CCGT,1500,30,536,58.92,3521520,10,0.75,15,56.17,4.764444444,60.93444444,455.6,2995570,52.7998,4.049777778,56.84957778,9
natural_gas,CCGT,1500,33,536,58.56,3521520,10,0.75,15,55.82,4.764444444,60.58444444,455.6,2995570,52.4708,4.049777778,56.52057778,10
natural_gas,CCGT,1500,37,536,58.08,3521520,10,0.75,15,55.37,4.764444444,60.13444444,455.6,2995570,52.0478,4.049777778,56.09757778,11
natural_gas,CCGT,1500,40,536,57.72,3521520,10,0.75,15,55.02,4.764444444,59.78444444,455.6,2995570,51.7188,4.049777778,55.76857778,12
natural_gas,CCGT,1500,43,536,57.36,3521520,10,0.75,15,54.68,4.764444444,59.44444444,455.6,2995570,51.3992,4.049777778,55.44897778,13
natural_gas,CCGT,1500,47,536,56.88,3521520,10,0.75,15,54.22,4.764444444,58.98444444,455.6,2995570,50.9668,4.049777778,55.01657778,14
natural_gas,CCGT,1500,50,536,56.52,3521520,10,0.75,15,53.88,4.764444444,58.64444444,455.6,2995570,50.6472,4.049777778,54.69697778,15
natural_gas,CCGT,1500,53,536,56.16,3521520,10,0.75,15,53.54,4.764444444,58.30444444,455.6,2995570,50.3276,4.049777778,54.37737778,16
natural_gas,CCGT,1500,57,536,55.69,3521520,10,0.75,15,53.09,4.764444444,57.85444444,455.6,2995570,49.9046,4.049777778,53.95437778,17
natural_gas,CCGT,1500,60,536,55.33,3521520,10,0.75,15,52.75,4.764444444,57.51444444,455.6,2995570,49.585,4.049777778,53.63477778,18
natural_gas,CCGT,1500,63,536,54.97,3521520,10,0.75,15,52.4,4.764444444,57.16444444,455.6,2995570,49.256,4.049777778,53.30577778,19
natural_gas,CCGT,1500,67,536,54.49,3521520,10,0.75,15,51.94,4.764444444,56.70444444,455.6,2995570,48.8236,4.049777778,52.87337778,20
natural_gas,CCGT,1500,70,536,54.13,3521520,10,0.75,15,51.6,4.764444444,56.36444444,455.6,2995570,48.504,4.049777778,52.55377778,21
natural_gas,CCGT,1500,73,536,53.77,3521520,10,0.75,15,51.26,4.764444444,56.02444444,455.6,2995570,48.1844,4.049777778,52.23417778,22
natural_gas,CCGT,1500,77,536,53.29,3521520,10,0.75,15,50.8,4.764444444,55.56444444,455.6,2995570,47.752,4.049777778,51.80177778,23
natural_gas,CCGT,1500,80,536,52.94,3521520,10,0.75,15,50.47,4.764444444,55.23444444,455.6,2995570,47.4418,4.049777778,51.49157778,24
natural_gas,CCGT,1500,83,536,52.58,3521520,10,0.75,15,50.12,4.764444444,54.88444444,455.6,2995570,47.1128,4.049777778,51.16257778,25
natural_gas,CCGT,1500,87,536,52.1,3521520,10,0.75,15,49.67,4.764444444,54.43444444,455.6,2995570,46.6898,4.049777778,50.73957778,26
natural_gas,CCGT,1500,90,536,51.74,3521520,10,0.75,15,49.32,4.764444444,54.08444444,455.6,2995570,46.3608,4.049777778,50.41057778,27
natural_gas,CCGT,1500,93,536,51.38,3521520,10,0.75,15,48.98,4.764444444,53.74444444,455.6,2995570,46.0412,4.049777778,50.09097778,28
natural_gas,CCGT,1500,97,536,50.9,3521520,10,0.75,15,48.52,4.764444444,53.28444444,455.6,2995570,45.6088,4.049777778,49.65857778,29
natural_gas,CCGT,1500,100,536,50.54,3521520,10,0.75,15,48.18,4.764444444,52.94444444,455.6,2995570,45.2892,4.049777778,49.33897778,30
natural_gas,CCGT,2500,3,895.12,60.907,5880938.4,10,0.75,15,58.06,4.773973333,62.83397333,760.852,5002601.9,54.5764,4.057877333,58.63427733,1
natural_gas,CCGT,2500,7,895.12,60.4366,5880938.4,10,0.75,15,57.61,4.773973333,62.38397333,760.852,5002601.9,54.1534,4.057877333,58.21127733,2
natural_gas,CCGT,2500,10,895.12,60.0838,5880938.4,10,0.75,15,57.28,4.773973333,62.05397333,760.852,5002601.9,53.8432,4.057877333,57.90107733,3
natural_gas,CCGT,2500,13,895.12,59.731,5880938.4,10,0.75,15,56.94,4.773973333,61.71397333,760.852,5002601.9,53.5236,4.057877333,57.58147733,4
natural_gas,CCGT,2500,17,895.12,59.2606,5880938.4,10,0.75,15,56.49,4.773973333,61.26397333,760.852,5002601.9,53.1006,4.057877333,57.15847733,5
natural_gas,CCGT,2500,20,895.12,58.9078,5880938.4,10,0.75,15,56.16,4.773973333,60.93397333,760.852,5002601.9,52.7904,4.057877333,56.84827733,6
natural_gas,CCGT,2500,23,895.12,58.555,5880938.4,10,0.75,15,55.82,4.773973333,60.59397333,760.852,5002601.9,52.4708,4.057877333,56.52867733,7
natural_gas,CCGT,2500,27,895.12,58.0846,5880938.4,10,0.75,15,55.37,4.773973333,60.14397333,760.852,5002601.9,52.0478,4.057877333,56.10567733,8
natural_gas,CCGT,2500,30,895.12,57.7416,5880938.4,10,0.75,15,55.04,4.773973333,59.81397333,760.852,5002601.9,51.7376,4.057877333,55.79547733,9
natural_gas,CCGT,2500,33,895.12,57.3888,5880938.4,10,0.75,15,54.71,4.773973333,59.48397333,760.852,5002601.9,51.4274,4.057877333,55.48527733,10
natural_gas,CCGT,2500,37,895.12,56.9184,5880938.4,10,0.75,15,54.26,4.773973333,59.03397333,760.852,5002601.9,51.0044,4.057877333,55.06227733,11
natural_gas,CCGT,2500,40,895.12,56.5656,5880938.4,10,0.75,15,53.92,4.773973333,58.69397333,760.852,5002601.9,50.6848,4.057877333,54.74267733,12
natural_gas,CCGT,2500,43,895.12,56.2128,5880938.4,10,0.75,15,53.59,4.773973333,58.36397333,760.852,5002601.9,50.3746,4.057877333,54.43247733,13
natural_gas,CCGT,2500,47,895.12,55.7424,5880938.4,10,0.75,15,53.14,4.773973333,57.91397333,760.852,5002601.9,49.9516,4.057877333,54.00947733,14
natural_gas,CCGT,2500,50,895.12,55.3896,5880938.4,10,0.75,15,52.8,4.773973333,57.57397333,760.852,5002601.9,49.632,4.057877333,53.68987733,15
natural_gas,CCGT,2500,53,895.12,55.0368,5880938.4,10,0.75,15,52.47,4.773973333,57.24397333,760.852,5002601.9,49.3218,4.057877333,53.37967733,16
natural_gas,CCGT,2500,57,895.12,54.5762,5880938.4,10,0.75,15,52.03,4.773973333,56.80397333,760.852,5002601.9,48.9082,4.057877333,52.96607733,17
natural_gas,CCGT,2500,60,895.12,54.2234,5880938.4,10,0.75,15,51.69,4.773973333,56.46397333,760.852,5002601.9,48.5886,4.057877333,52.64647733,18
natural_gas,CCGT,2500,63,895.12,53.8706,5880938.4,10,0.75,15,51.35,4.773973333,56.12397333,760.852,5002601.9,48.269,4.057877333,52.32687733,19
natural_gas,CCGT,2500,67,895.12,53.4002,5880938.4,10,0.75,15,50.91,4.773973333,55.68397333,760.852,5002601.9,47.8554,4.057877333,51.91327733,20
natural_gas,CCGT,2500,70,895.12,53.0474,5880938.4,10,0.75,15,50.57,4.773973333,55.34397333,760.852,5002601.9,47.5358,4.057877333,51.59367733,21
natural_gas,CCGT,2500,73,895.12,52.6946,5880938.4,10,0.75,15,50.23,4.773973333,55.00397333,760.852,5002601.9,47.2162,4.057877333,51.27407733,22
natural_gas,CCGT,2500,77,895.12,52.2242,5880938.4,10,0.75,15,49.78,4.773973333,54.55397333,760.852,5002601.9,46.7932,4.057877333,50.85107733,23
natural_gas,CCGT,2500,80,895.12,51.8812,5880938.4,10,0.75,15,49.46,4.773973333,54.23397333,760.852,5002601.9,46.4924,4.057877333,50.55027733,24
natural_gas,CCGT,2500,83,895.12,51.5284,5880938.4,10,0.75,15,49.12,4.773973333,53.89397333,760.852,5002601.9,46.1728,4.057877333,50.23067733,25
natural_gas,CCGT,2500,87,895.12,51.058,5880938.4,10,0.75,15,48.67,4.773973333,53.44397333,760.852,5002601.9,45.7498,4.057877333,49.80767733,26
natural_gas,CCGT,2500,90,895.12,50.7052,5880938.4,10,0.75,15,48.34,4.773973333,53.11397333,760.852,5002601.9,45.4396,4.057877333,49.49747733,27
natural_gas,CCGT,2500,93,895.12,50.3524,5880938.4,10,0.75,15,48,4.773973333,52.77397333,760.852,5002601.9,45.12,4.057877333,49.17787733,28
natural_gas,CCGT,2500,97,895.12,49.882,5880938.4,10,0.75,15,47.55,4.773973333,52.32397333,760.852,5002601.9,44.697,4.057877333,48.75487733,29
natural_gas,CCGT,2500,100,895.12,49.5292,5880938.4,10,0.75,15,47.22,4.773973333,51.99397333,760.852,5002601.9,44.3868,4.057877333,48.44467733,30
